{"accuracy": 0.6593203022375911, "precision": 0.27632292610219317, "recall": 0.23257984572615456, "f1": 0.2349373068500539}